Workbook

Sheet Summary
A1: Anniversary Guest List — Summary
A2: Counts update automatically from the list sheets. Click “View list” to jump to a category.
A4: Category | B4: Nishtara | C4: Darling | D4: Merged (unique guests) | E4: Nishtara list | F4: Darling list | G4: Merged list
A5: AJ 332 | B5: =COUNTIF(Nishtara!$C$5:$C$151,$A5) | C5: =COUNTIF(Darling!$C$5:$C$90,$A5) | D5: =COUNTIF(Merged!$C$5:$C$163,$A5) | E5: =IF(B5=0,"–",HYPERLINK("#'Nishtara'!A"&MATCH($A5,Nishtara!$C:$C,0),"View list ►")) | F5: =IF(C5=0,"–",HYPERLINK("#'Darling'!A"&MATCH($A5,Darling!$C:$C,0),"View list ►")) | G5: =IF(D5=0,"–",HYPERLINK("#'Merged'!A"&MATCH($A5,Merged!$C:$C,0),"View list ►"))
A6: BL - 12 | B6: =COUNTIF(Nishtara!$C$5:$C$151,$A6) | C6: =COUNTIF(Darling!$C$5:$C$90,$A6) | D6: =COUNTIF(Merged!$C$5:$C$163,$A6) | E6: =IF(B6=0,"–",HYPERLINK("#'Nishtara'!A"&MATCH($A6,Nishtara!$C:$C,0),"View list ►")) | F6: =IF(C6=0,"–",HYPERLINK("#'Darling'!A"&MATCH($A6,Darling!$C:$C,0),"View list ►")) | G6: =IF(D6=0,"–",HYPERLINK("#'Merged'!A"&MATCH($A6,Merged!$C:$C,0),"View list ►"))
A7: Bhuaji | B7: =COUNTIF(Nishtara!$C$5:$C$151,$A7) | C7: =COUNTIF(Darling!$C$5:$C$90,$A7) | D7: =COUNTIF(Merged!$C$5:$C$163,$A7) | E7: =IF(B7=0,"–",HYPERLINK("#'Nishtara'!A"&MATCH($A7,Nishtara!$C:$C,0),"View list ►")) | F7: =IF(C7=0,"–",HYPERLINK("#'Darling'!A"&MATCH($A7,Darling!$C:$C,0),"View list ►")) | G7: =IF(D7=0,"–",HYPERLINK("#'Merged'!A"&MATCH($A7,Merged!$C:$C,0),"View list ►"))
A8: Chaibasa | B8: =COUNTIF(Nishtara!$C$5:$C$151,$A8) | C8: =COUNTIF(Darling!$C$5:$C$90,$A8) | D8: =COUNTIF(Merged!$C$5:$C$163,$A8) | E8: =IF(B8=0,"–",HYPERLINK("#'Nishtara'!A"&MATCH($A8,Nishtara!$C:$C,0),"View list ►")) | F8: =IF(C8=0,"–",HYPERLINK("#'Darling'!A"&MATCH($A8,Darling!$C:$C,0),"View list ►")) | G8: =IF(D8=0,"–",HYPERLINK("#'Merged'!A"&MATCH($A8,Merged!$C:$C,0),"View list ►"))
A9: Deep Friend | B9: =COUNTIF(Nishtara!$C$5:$C$151,$A9) | C9: =COUNTIF(Darling!$C$5:$C$90,$A9) | D9: =COUNTIF(Merged!$C$5:$C$163,$A9) | E9: =IF(B9=0,"–",HYPERLINK("#'Nishtara'!A"&MATCH($A9,Nishtara!$C:$C,0),"View list ►")) | F9: =IF(C9=0,"–",HYPERLINK("#'Darling'!A"&MATCH($A9,Darling!$C:$C,0),"View list ►")) | G9: =IF(D9=0,"–",HYPERLINK("#'Merged'!A"&MATCH($A9,Merged!$C:$C,0),"View list ►"))
A10: Maggi Friend | B10: =COUNTIF(Nishtara!$C$5:$C$151,$A10) | C10: =COUNTIF(Darling!$C$5:$C$90,$A10) | D10: =COUNTIF(Merged!$C$5:$C$163,$A10) | E10: =IF(B10=0,"–",HYPERLINK("#'Nishtara'!A"&MATCH($A10,Nishtara!$C:$C,0),"View list ►")) | F10: =IF(C10=0,"–",HYPERLINK("#'Darling'!A"&MATCH($A10,Darling!$C:$C,0),"View list ►")) | G10: =IF(D10=0,"–",HYPERLINK("#'Merged'!A"&MATCH($A10,Merged!$C:$C,0),"View list ►"))
A11: Manjari Friend | B11: =COUNTIF(Nishtara!$C$5:$C$151,$A11) | C11: =COUNTIF(Darling!$C$5:$C$90,$A11) | D11: =COUNTIF(Merged!$C$5:$C$163,$A11) | E11: =IF(B11=0,"–",HYPERLINK("#'Nishtara'!A"&MATCH($A11,Nishtara!$C:$C,0),"View list ►")) | F11: =IF(C11=0,"–",HYPERLINK("#'Darling'!A"&MATCH($A11,Darling!$C:$C,0),"View list ►")) | G11: =IF(D11=0,"–",HYPERLINK("#'Merged'!A"&MATCH($A11,Merged!$C:$C,0),"View list ►"))
A12: Nanibari | B12: =COUNTIF(Nishtara!$C$5:$C$151,$A12) | C12: =COUNTIF(Darling!$C$5:$C$90,$A12) | D12: =COUNTIF(Merged!$C$5:$C$163,$A12) | E12: =IF(B12=0,"–",HYPERLINK("#'Nishtara'!A"&MATCH($A12,Nishtara!$C:$C,0),"View list ►")) | F12: =IF(C12=0,"–",HYPERLINK("#'Darling'!A"&MATCH($A12,Darling!$C:$C,0),"View list ►")) | G12: =IF(D12=0,"–",HYPERLINK("#'Merged'!A"&MATCH($A12,Merged!$C:$C,0),"View list ►"))
A13: Neighbour | B13: =COUNTIF(Nishtara!$C$5:$C$151,$A13) | C13: =COUNTIF(Darling!$C$5:$C$90,$A13) | D13: =COUNTIF(Merged!$C$5:$C$163,$A13) | E13: =IF(B13=0,"–",HYPERLINK("#'Nishtara'!A"&MATCH($A13,Nishtara!$C:$C,0),"View list ►")) | F13: =IF(C13=0,"–",HYPERLINK("#'Darling'!A"&MATCH($A13,Darling!$C:$C,0),"View list ►")) | G13: =IF(D13=0,"–",HYPERLINK("#'Merged'!A"&MATCH($A13,Merged!$C:$C,0),"View list ►"))
A14: Purulia | B14: =COUNTIF(Nishtara!$C$5:$C$151,$A14) | C14: =COUNTIF(Darling!$C$5:$C$90,$A14) | D14: =COUNTIF(Merged!$C$5:$C$163,$A14) | E14: =IF(B14=0,"–",HYPERLINK("#'Nishtara'!A"&MATCH($A14,Nishtara!$C:$C,0),"View list ►")) | F14: =IF(C14=0,"–",HYPERLINK("#'Darling'!A"&MATCH($A14,Darling!$C:$C,0),"View list ►")) | G14: =IF(D14=0,"–",HYPERLINK("#'Merged'!A"&MATCH($A14,Merged!$C:$C,0),"View list ►"))
A15: Vinay Friend | B15: =COUNTIF(Nishtara!$C$5:$C$151,$A15) | C15: =COUNTIF(Darling!$C$5:$C$90,$A15) | D15: =COUNTIF(Merged!$C$5:$C$163,$A15) | E15: =IF(B15=0,"–",HYPERLINK("#'Nishtara'!A"&MATCH($A15,Nishtara!$C:$C,0),"View list ►")) | F15: =IF(C15=0,"–",HYPERLINK("#'Darling'!A"&MATCH($A15,Darling!$C:$C,0),"View list ►")) | G15: =IF(D15=0,"–",HYPERLINK("#'Merged'!A"&MATCH($A15,Merged!$C:$C,0),"View list ►"))
A16: Total | B16: =SUM(B5:B15) | C16: =SUM(C5:C15) | D16: =SUM(D5:D15) | E16: =HYPERLINK("#'Nishtara'!A5","View full list ►") | F16: =HYPERLINK("#'Darling'!A5","View full list ►") | G16: =HYPERLINK("#'Merged'!A5","View full list ►")
A18: Overlap
A19: Invited to both Nishtara and Darling | B19: =COUNTIF(Merged!$G$5:$G$163,"Both")
A20: Nishtara only | B20: =COUNTIF(Merged!$G$5:$G$163,"Nishtara only")
A21: Darling only | B21: =COUNTIF(Merged!$G$5:$G$163,"Darling only")
A23: Check: Nishtara + Darling − Both = Merged total | D23: =IF(B16+C16-B19=D16,"OK","MISMATCH")

Sheet Merged
A1: Merged Guest List (Nishtara + Darling)
A2: =COUNTA(B5:B163)&" unique guests | Nishtara: "&COUNTIF(D5:D163,"Yes")&" | Darling: "&COUNTIF(E5:E163,"Yes")&" | Both: "&COUNTIF(G5:G163,"Both")&" | Accommodation: "&COUNTIF(F5:F163,"Yes")
A4: S.No. | B4: Name | C4: Category | D4: Nishtara | E4: Darling | F4: Accommodation | G4: Invited To | I4: Category | J4: Guests | K4: Go to list
A5: 1 | B5: Monu | C5: AJ 332 | D5: Yes | E5: Yes | F5: Yes | G5: =IF(AND(D5="Yes",E5="Yes"),"Both",IF(D5="Yes","Nishtara only","Darling only")) | I5: AJ 332 | J5: =COUNTIF($C$5:$C$163,I5) | K5: =HYPERLINK("#'Merged'!A"&MATCH(I5,$C$1:$C$163,0),"View list ►")
A6: 2 | B6: Mini | C6: AJ 332 | D6: Yes | E6: Yes | F6: Yes | G6: =IF(AND(D6="Yes",E6="Yes"),"Both",IF(D6="Yes","Nishtara only","Darling only")) | I6: BL - 12 | J6: =COUNTIF($C$5:$C$163,I6) | K6: =HYPERLINK("#'Merged'!A"&MATCH(I6,$C$1:$C$163,0),"View list ►")
A7: 3 | B7: Bhua | C7: AJ 332 | D7: Yes | E7: Yes | F7: Yes | G7: =IF(AND(D7="Yes",E7="Yes"),"Both",IF(D7="Yes","Nishtara only","Darling only")) | I7: Bhuaji | J7: =COUNTIF($C$5:$C$163,I7) | K7: =HYPERLINK("#'Merged'!A"&MATCH(I7,$C$1:$C$163,0),"View list ►")
A8: 4 | B8: Fufaji | C8: AJ 332 | D8: Yes | E8: Yes | F8: Yes | G8: =IF(AND(D8="Yes",E8="Yes"),"Both",IF(D8="Yes","Nishtara only","Darling only")) | I8: Chaibasa | J8: =COUNTIF($C$5:$C$163,I8) | K8: =HYPERLINK("#'Merged'!A"&MATCH(I8,$C$1:$C$163,0),"View list ►")
A9: 5 | B9: guddijo | C9: AJ 332 | D9: Yes | E9: No | F9: No | G9: =IF(AND(D9="Yes",E9="Yes"),"Both",IF(D9="Yes","Nishtara only","Darling only")) | I9: Deep Friend | J9: =COUNTIF($C$5:$C$163,I9) | K9: =HYPERLINK("#'Merged'!A"&MATCH(I9,$C$1:$C$163,0),"View list ►")
A10: 6 | B10: harish | C10: AJ 332 | D10: Yes | E10: No | F10: No | G10: =IF(AND(D10="Yes",E10="Yes"),"Both",IF(D10="Yes","Nishtara only","Darling only")) | I10: Maggi Friend | J10: =COUNTIF($C$5:$C$163,I10) | K10: =HYPERLINK("#'Merged'!A"&MATCH(I10,$C$1:$C$163,0),"View list ►")
A11: 7 | B11: Aditya jaju | C11: AJ 332 | D11: Yes | E11: No | F11: No | G11: =IF(AND(D11="Yes",E11="Yes"),"Both",IF(D11="Yes","Nishtara only","Darling only")) | I11: Manjari Friend | J11: =COUNTIF($C$5:$C$163,I11) | K11: =HYPERLINK("#'Merged'!A"&MATCH(I11,$C$1:$C$163,0),"View list ►")
A12: 8 | B12: Sonu Jaju | C12: AJ 332 | D12: Yes | E12: No | F12: No | G12: =IF(AND(D12="Yes",E12="Yes"),"Both",IF(D12="Yes","Nishtara only","Darling only")) | I12: Nanibari | J12: =COUNTIF($C$5:$C$163,I12) | K12: =HYPERLINK("#'Merged'!A"&MATCH(I12,$C$1:$C$163,0),"View list ►")
A13: 9 | B13: sanjay Daga | C13: AJ 332 | D13: Yes | E13: No | F13: Unknown | G13: =IF(AND(D13="Yes",E13="Yes"),"Both",IF(D13="Yes","Nishtara only","Darling only")) | I13: Neighbour | J13: =COUNTIF($C$5:$C$163,I13) | K13: =HYPERLINK("#'Merged'!A"&MATCH(I13,$C$1:$C$163,0),"View list ►")
A14: 10 | B14: Pinky Daga | C14: AJ 332 | D14: Yes | E14: No | F14: Unknown | G14: =IF(AND(D14="Yes",E14="Yes"),"Both",IF(D14="Yes","Nishtara only","Darling only")) | I14: Purulia | J14: =COUNTIF($C$5:$C$163,I14) | K14: =HYPERLINK("#'Merged'!A"&MATCH(I14,$C$1:$C$163,0),"View list ►")
A15: 11 | B15: Vinay | C15: BL - 12 | D15: Yes | E15: Yes | F15: Yes | G15: =IF(AND(D15="Yes",E15="Yes"),"Both",IF(D15="Yes","Nishtara only","Darling only")) | I15: Vinay Friend | J15: =COUNTIF($C$5:$C$163,I15) | K15: =HYPERLINK("#'Merged'!A"&MATCH(I15,$C$1:$C$163,0),"View list ►")
A16: 12 | B16: Deep | C16: BL - 12 | D16: Yes | E16: Yes | F16: Yes | G16: =IF(AND(D16="Yes",E16="Yes"),"Both",IF(D16="Yes","Nishtara only","Darling only")) | I16: Total | J16: =SUM(J5:J15) | K16: =HYPERLINK("#'Summary'!A1","◄ Back to Summary")
A17: 13 | B17: Dadu | C17: BL - 12 | D17: Yes | E17: No | F17: No | G17: =IF(AND(D17="Yes",E17="Yes"),"Both",IF(D17="Yes","Nishtara only","Darling only"))
A18: 14 | B18: Dadi | C18: BL - 12 | D18: Yes | E18: No | F18: No | G18: =IF(AND(D18="Yes",E18="Yes"),"Both",IF(D18="Yes","Nishtara only","Darling only"))
A19: 15 | B19: Maggi | C19: BL - 12 | D19: Yes | E19: Yes | F19: Yes | G19: =IF(AND(D19="Yes",E19="Yes"),"Both",IF(D19="Yes","Nishtara only","Darling only"))
A20: 16 | B20: Manjari | C20: BL - 12 | D20: Yes | E20: Yes | F20: Yes | G20: =IF(AND(D20="Yes",E20="Yes"),"Both",IF(D20="Yes","Nishtara only","Darling only"))
A21: 17 | B21: anu | C21: Bhuaji | D21: Yes | E21: Yes | F21: No | G21: =IF(AND(D21="Yes",E21="Yes"),"Both",IF(D21="Yes","Nishtara only","Darling only"))
A22: 18 | B22: praveen | C22: Bhuaji | D22: Yes | E22: Yes | F22: No | G22: =IF(AND(D22="Yes",E22="Yes"),"Both",IF(D22="Yes","Nishtara only","Darling only"))
A23: 19 | B23: drishti | C23: Bhuaji | D23: Yes | E23: No | F23: No | G23: =IF(AND(D23="Yes",E23="Yes"),"Both",IF(D23="Yes","Nishtara only","Darling only"))
A24: 20 | B24: yuval | C24: Bhuaji | D24: Yes | E24: No | F24: No | G24: =IF(AND(D24="Yes",E24="Yes"),"Both",IF(D24="Yes","Nishtara only","Darling only"))
A25: 21 | B25: kanta | C25: Bhuaji | D25: Yes | E25: No | F25: No | G25: =IF(AND(D25="Yes",E25="Yes"),"Both",IF(D25="Yes","Nishtara only","Darling only"))
A26: 22 | B26: bhaiyaji | C26: Bhuaji | D26: Yes | E26: No | F26: No | G26: =IF(AND(D26="Yes",E26="Yes"),"Both",IF(D26="Yes","Nishtara only","Darling only"))
A27: 23 | B27: madhav | C27: Bhuaji | D27: Yes | E27: No | F27: No | G27: =IF(AND(D27="Yes",E27="Yes"),"Both",IF(D27="Yes","Nishtara only","Darling only"))
A28: 24 | B28: shivani | C28: Bhuaji | D28: Yes | E28: No | F28: No | G28: =IF(AND(D28="Yes",E28="Yes"),"Both",IF(D28="Yes","Nishtara only","Darling only"))
... A163: 159 | B163: pragati | C163: Vinay Friend | D163: Yes | E163: No | F163: No | G163: =IF(AND(D163="Yes",E163="Yes"),"Both",IF(D163="Yes","Nishtara only","Darling only"))

Sheet Nishtara
A1: Nishtara Guest List
A2: =COUNTA(B5:B151)&" guests invited to Nishtara"
A4: S.No. | B4: Name | C4: Category | E4: Category | F4: Guests | G4: Go to list
A5: 1 | B5: Monu | C5: AJ 332 | E5: AJ 332 | F5: =COUNTIF($C$5:$C$151,E5) | G5: =HYPERLINK("#'Nishtara'!A"&MATCH(E5,$C$1:$C$151,0),"View list ►")
A6: 2 | B6: Mini | C6: AJ 332 | E6: BL - 12 | F6: =COUNTIF($C$5:$C$151,E6) | G6: =HYPERLINK("#'Nishtara'!A"&MATCH(E6,$C$1:$C$151,0),"View list ►")
A7: 3 | B7: Bhua | C7: AJ 332 | E7: Bhuaji | F7: =COUNTIF($C$5:$C$151,E7) | G7: =HYPERLINK("#'Nishtara'!A"&MATCH(E7,$C$1:$C$151,0),"View list ►")
A8: 4 | B8: Fufaji | C8: AJ 332 | E8: Chaibasa | F8: =COUNTIF($C$5:$C$151,E8) | G8: =HYPERLINK("#'Nishtara'!A"&MATCH(E8,$C$1:$C$151,0),"View list ►")
A9: 5 | B9: guddijo | C9: AJ 332 | E9: Deep Friend | F9: =COUNTIF($C$5:$C$151,E9) | G9: =HYPERLINK("#'Nishtara'!A"&MATCH(E9,$C$1:$C$151,0),"View list ►")
A10: 6 | B10: harish | C10: AJ 332 | E10: Manjari Friend | F10: =COUNTIF($C$5:$C$151,E10) | G10: =HYPERLINK("#'Nishtara'!A"&MATCH(E10,$C$1:$C$151,0),"View list ►")
A11: 7 | B11: Aditya jaju | C11: AJ 332 | E11: Nanibari | F11: =COUNTIF($C$5:$C$151,E11) | G11: =HYPERLINK("#'Nishtara'!A"&MATCH(E11,$C$1:$C$151,0),"View list ►")
A12: 8 | B12: Sonu Jaju | C12: AJ 332 | E12: Neighbour | F12: =COUNTIF($C$5:$C$151,E12) | G12: =HYPERLINK("#'Nishtara'!A"&MATCH(E12,$C$1:$C$151,0),"View list ►")
A13: 9 | B13: sanjay Daga | C13: AJ 332 | E13: Purulia | F13: =COUNTIF($C$5:$C$151,E13) | G13: =HYPERLINK("#'Nishtara'!A"&MATCH(E13,$C$1:$C$151,0),"View list ►")
A14: 10 | B14: Pinky Daga | C14: AJ 332 | E14: Vinay Friend | F14: =COUNTIF($C$5:$C$151,E14) | G14: =HYPERLINK("#'Nishtara'!A"&MATCH(E14,$C$1:$C$151,0),"View list ►")
A15: 11 | B15: Vinay | C15: BL - 12 | E15: Total | F15: =SUM(F5:F14) | G15: =HYPERLINK("#'Summary'!A1","◄ Back to Summary")
A16: 12 | B16: Deep | C16: BL - 12
A17: 13 | B17: Dadu | C17: BL - 12
A18: 14 | B18: Dadi | C18: BL - 12
A19: 15 | B19: Maggi | C19: BL - 12
A20: 16 | B20: Manjari | C20: BL - 12
A21: 17 | B21: anu | C21: Bhuaji
A22: 18 | B22: praveen | C22: Bhuaji
A23: 19 | B23: drishti | C23: Bhuaji
A24: 20 | B24: yuval | C24: Bhuaji
A25: 21 | B25: kanta | C25: Bhuaji
A26: 22 | B26: bhaiyaji | C26: Bhuaji
A27: 23 | B27: madhav | C27: Bhuaji
... A151: 147 | B151: pragati | C151: Vinay Friend

Sheet Darling
A1: Darling Guest List
A2: =COUNTIF(D5:D90,"Yes")&" guests invited to Darlings"
A4: S.No. | B4: Name | C4: Category | D4: Darlings | F4: Category | G4: Guests | H4: Go to list
A5: 1 | B5: Monu | C5: AJ 332 | D5: Yes | F5: AJ 332 | G5: =COUNTIF($C$5:$C$90,F5) | H5: =HYPERLINK("#'Darling'!A"&MATCH(F5,$C$1:$C$90,0),"View list ►")
A6: 2 | B6: Mini | C6: AJ 332 | D6: Yes | F6: BL - 12 | G6: =COUNTIF($C$5:$C$90,F6) | H6: =HYPERLINK("#'Darling'!A"&MATCH(F6,$C$1:$C$90,0),"View list ►")
A7: 3 | B7: Bhua | C7: AJ 332 | D7: Yes | F7: Bhuaji | G7: =COUNTIF($C$5:$C$90,F7) | H7: =HYPERLINK("#'Darling'!A"&MATCH(F7,$C$1:$C$90,0),"View list ►")
A8: 4 | B8: Fufaji | C8: AJ 332 | D8: Yes | F8: Deep Friend | G8: =COUNTIF($C$5:$C$90,F8) | H8: =HYPERLINK("#'Darling'!A"&MATCH(F8,$C$1:$C$90,0),"View list ►")
A9: 5 | B9: Vinay | C9: BL - 12 | D9: Yes | F9: Maggi Friend | G9: =COUNTIF($C$5:$C$90,F9) | H9: =HYPERLINK("#'Darling'!A"&MATCH(F9,$C$1:$C$90,0),"View list ►")
A10: 6 | B10: Deep | C10: BL - 12 | D10: Yes | F10: Manjari Friend | G10: =COUNTIF($C$5:$C$90,F10) | H10: =HYPERLINK("#'Darling'!A"&MATCH(F10,$C$1:$C$90,0),"View list ►")
A11: 7 | B11: Maggi | C11: BL - 12 | D11: Yes | F11: Nanibari | G11: =COUNTIF($C$5:$C$90,F11) | H11: =HYPERLINK("#'Darling'!A"&MATCH(F11,$C$1:$C$90,0),"View list ►")
A12: 8 | B12: Manjari | C12: BL - 12 | D12: Yes | F12: Purulia | G12: =COUNTIF($C$5:$C$90,F12) | H12: =HYPERLINK("#'Darling'!A"&MATCH(F12,$C$1:$C$90,0),"View list ►")
A13: 9 | B13: anu | C13: Bhuaji | D13: Yes | F13: Vinay Friend | G13: =COUNTIF($C$5:$C$90,F13) | H13: =HYPERLINK("#'Darling'!A"&MATCH(F13,$C$1:$C$90,0),"View list ►")
A14: 10 | B14: praveen | C14: Bhuaji | D14: Yes | F14: Total | G14: =SUM(G5:G13) | H14: =HYPERLINK("#'Summary'!A1","◄ Back to Summary")
A15: 11 | B15: priyanka | C15: Bhuaji | D15: Yes
A16: 12 | B16: vivek | C16: Bhuaji | D16: Yes
A17: 13 | B17: vedika | C17: Deep Friend | D17: Yes
A18: 14 | B18: pratibha | C18: Deep Friend | D18: Yes
A19: 15 | B19: amy | C19: Deep Friend | D19: Yes
A20: 16 | B20: Vinita Lohia | C20: Deep Friend | D20: Yes
A21: 17 | B21: Lohia | C21: Deep Friend | D21: Yes
A22: 18 | B22: deepa | C22: Deep Friend | D22: Yes
A23: 19 | B23: deepa husband | C23: Deep Friend | D23: Yes
A24: 20 | B24: sweta | C24: Deep Friend | D24: Yes
A25: 21 | B25: neelam | C25: Deep Friend | D25: Yes
A26: 22 | B26: neelam husband | C26: Deep Friend | D26: Yes
... A90: 86 | B90: vandana | C90: Vinay Friend | D90: Yes

Sheet Sheet1
A1: S.No. | B1: Name | C1: category | D1: accomodation | E1: Nishatara | F1: Darlings | H1: Acco count | I1: Nishtara Count | J1: Darling Count
A2: 1 | B2: Vinay | C2: kolkata | D2: yes | E2: yes | F2: yes | H2: =COUNTIF(D2:D988, "yes") | I2: =COUNTIF(E2:E988, "yes") | J2: =COUNTIF(F2:F988, "yes") | M2: kolkata | P2: no
A3: 2 | B3: Deep | C3: kolkata | D3: yes | E3: yes | F3: yes | M3: purulia | P3: yes
A4: 3 | B4: Dadu | C4: kolkata | D4: no | E4: yes | F4: no | M4: vinay friend
A5: 4 | B5: Dadi | C5: kolkata | D5: no | E5: yes | F5: no | M5: deep friend
A6: 5 | B6: Maggi | C6: kolkata | D6: yes | E6: yes | F6: yes | M6: manjari friend
A7: 6 | B7: Manjari | C7: kolkata | D7: yes | E7: yes | F7: yes | M7: maggi friend
A8: 7 | B8: Monu | C8: kolkata | D8: yes | E8: yes | F8: yes | M8: mini friend
A9: 8 | B9: Mini | C9: kolkata | D9: yes | E9: yes | F9: yes
A10: 9 | B10: Bhua | C10: kolkata | D10: yes | E10: yes | F10: yes
A11: 10 | B11: Fufaji | C11: kolkata | D11: yes | E11: yes | F11: yes
A12: 11 | B12: Nana | C12: purulia | D12: yes | E12: yes | F12: no
A13: 12 | B13: Nani | C13: purulia | D13: yes | E13: yes | F13: no
A14: 13 | B14: Amar | C14: purulia | D14: yes | E14: yes | F14: yes
A15: 14 | B15: Kavita | C15: purulia | D15: yes | E15: yes | F15: yes
A16: 15 | B16: Bhumi | C16: purulia | D16: yes | E16: yes | F16: yes
A17: 16 | B17: Pankhu | C17: purulia | D17: yes | E17: yes | F17: no
A18: 17 | B18: Mikki | C18: purulia | D18: no | E18: yes | F18: yes
A19: 18 | B19: Manish | C19: purulia | D19: no | E19: yes | F19: yes
A20: 19 | B20: Tani | C20: purulia | D20: no | E20: yes | F20: no
... A160: 159 | B160: Saroj Maasi | C160: kolkata | D160: yes | E160: yes | F160: no
